{"cameraMode":{"drawMode":0,"name":"Shaded","section":"Shading Mode"},"sceneLighting":false,"audioPlay":false,"sceneViewState":{"m_AlwaysRefresh":false,"showFog":false,"showSkybox":false,"showFlares":false,"showImageEffects":false,"showParticleSystems":false,"showVisualEffectGraphs":true,"m_FxEnabled":true},"in2DMode":false,"pivot":{"x":-2.266495704650879,"y":7.245274066925049,"z":0.6075496673583984},"rotation":{"x":-0.008410190232098103,"y":-0.9891441464424133,"z":0.13374373316764832,"w":-0.061873652040958408},"size":6.2902750968933109,"orthographic":false}