{"cameraMode":{"drawMode":0,"name":"Shaded","section":"Shading Mode"},"sceneLighting":true,"audioPlay":false,"sceneViewState":{"m_AlwaysRefresh":false,"showFog":false,"showSkybox":false,"showFlares":false,"showImageEffects":false,"showParticleSystems":false,"showVisualEffectGraphs":true,"m_FxEnabled":true},"in2DMode":false,"pivot":{"x":136.62962341308595,"y":-278.81915283203127,"z":368.19879150390627},"rotation":{"x":0.3220633268356323,"y":0.015635229647159578,"z":-0.004987862892448902,"w":0.9467306733131409},"size":692.872314453125,"orthographic":false}